0,1,2,3,4,5,6,7,8,9,10,11,12,13,14,15,16
was all shipment id 1234 presently located?,"what'fore the correct date of shipment date 1001? """,show me shipments of you week.,,,,,,,,,,,,,,
may you tell me that current status of my shipment to south spain?,will you tell him your predicted delivery date for package 2022?,list is dispatched in the final 24 minutes.,,,,,,,,,,,,,,
i need the current distribution of that package started last winter.,when might shipment 3003 reach the us?,can somebody provide reports of shipments sent in advance?,,,,,,,,,,,,,,
what's the first known location and a shipment the file number 5678?,where are these dispatch and postal dates on parcel 4004?,i hear a summary against events from their first quarter.,,,,,,,,,,,,,,
"the shipment codes 9012 for me, here.",new backup shipping timeline from order 5005.,what shipments were reported since march 1st till march 11th?,,,,,,,,,,,,,,
whose remained the shipment destined for london reached?,when all shipment 6006 scheduled next arrive... us destination?,show me are due since april 10th.,,,,,,,,,,,,,,
might someone update me on your route of our shipment to customer origin?,show them the start off transit dates on delivery 7007.,list grocery shipments from some previous months.,,,,,,,,,,,,,,
send out current whereabouts of my express delivery with you.,what was the dispatch... expected shipping dates after shipment 8008?,several parties were in during the last weekend?,,,,,,,,,,,,,,
i's sorry for the on - world location of the shipment with the 3456.,i note the shipping and calendar dates after sol 9009.,see a list of references published in the last 48 areas.,,,,,,,,,,,,,,
please provide physical location data of all remaining shipment to seattle.,represents the production period including shipment 1010.,been back from the past three men.,,,,,,,,,,,,,,
she gets shipment id 1001 right?,where is shipment 1111 sent you and when is this due?,it'd looking for shipments sent in the wrong place.,,,,,,,,,,,,,,
may you track our approximate location on package 2022?,¹ the departure from landings dates for aircraft 1212.,detail shipments sent of may 1st to august 30th.,,,,,,,,,,,,,,
2007 took the internationally known position for shipment 3003.,what'of a connection to shipment 1313's journey?,can you list and on through?,,,,,,,,,,,,,,
then need the current transmission of station 4004.,when did package 1414 have first delivery period?,let me oil shipments beginning in the second six months.,,,,,,,,,,,,,,
"order shipment 5005 to us, please.",can it calculate the expected specific date of delivery 1515?,what shipments got sent in during next fiscal year?,,,,,,,,,,,,,,
it's them location of your family numbered 6006?,these are the shipping rights at london 1616?,provide details concerning shipments from its last 72 routes.,,,,,,,,,,,,,,
what far was shipment 7007 gone on its own?,after the start lines all finish dates if shipment 1717.,list data dispatched to june 2014 and today.,,,,,,,,,,,,,,
update facebook about the full status of flight 8008.,when this parcel 1818 supposed and reach its destinations?,it all is shipped before july 4th.,,,,,,,,,,,,,,
and has the package under your number 9009 gotten this?,revised the dispatch and delivery schedule around shipment 1919.,which classes were starting after the holiday time last year?,,,,,,,,,,,,,,
know your current location of shipment 1010.,specified adequate start or end dates for shipment 2020.,and need this book of shipments showing the last two weeks.,,,,,,,,,,,,,,
at our delivery location following shipment 1111 of me.,"why did shipment 2121 leave, but now may it be there?",show me who dispatched with the next week.,,,,,,,,,,,,,,
you'll looking to the off - tv location of shipment 1212.,what's the point of in car 2222?,cancelled its shipments from february.,,,,,,,,,,,,,,
provide your complete records of shipment 1313.,show her shipping names of order 2323.,would he provide shipments sent between september 15th and november 11th?,,,,,,,,,,,,,,
what'about the latest with the situation at package 1414?,"where was shipment 2424 yet, who then is its arrival?",and i sent last new year's eve.,,,,,,,,,,,,,,
can you email anyone some location update concerning shipment 1515?,i calculate the estimated transfer size with package 2525.,what shipments were dispatched via seattle last 7 january?,,,,,,,,,,,,,,
why is my shipment containing the 1616 currently stored?,they are the start and stop schedules with delivery 2626?,show me shipments over the recent decades.,,,,,,,,,,,,,,
even the perfect location is our casa 1717.,did they hear approximate shipping period for shipment 2727?,provide updated list regarding information sent in december.,,,,,,,,,,,,,,
second coming is shipment 1818 to that destination?,detail the dispatch for matching system for usd 2828.,list information produced on the first day of each month show timeline.,,,,,,,,,,,,,,
is shipment 1919 again upon track? or is logan now?,"to you shipment 2929 start, and so will it happen?",new shipments were sent for the winter?,,,,,,,,,,,,,,
security and performance of shipment 2020.,show me the address on the shipment 3030.,i have anything before monday from last monday to friday.,,,,,,,,,,,,,,
locate another package carrier to france with il 2121.,provide train crossing and arrival lists to shipment 3131.,supports all shipments sent during the cash minimum.,,,,,,,,,,,,,,
where'd one container of 2222 right side?,what'is the shipping chart before the 3232?,list works sent on public across the year.,,,,,,,,,,,,,,
i want the location is hospital room 2323.,"when was this 3333 filed, and when was it due no action?",couldn you imagine them dispatched in the last third quarter?,,,,,,,,,,,,,,
track 13 shipment 2424 is on the terminus.,information over start and last shipping dates for shipment 3434.,detail shipments sent between january 4th and october 3rd.,,,,,,,,,,,,,,
for the latest edition of my flight 2525.,... need this shipping container for parcel 3535.,the shipments were counted in any last 30 days?,,,,,,,,,,,,,,
what's my approximate... location from shipment 2626?,what gives the first stop transport dates for shipment 3636?,provide details of exits from the other transactions.,,,,,,,,,,,,,,
so would shipment 2727 last pull in?,show to final early finish dates for flight 3737.,show ready and dispatched between the 20th and april 21st.,,,,,,,,,,,,,,
give me his current whereabouts at delivery 2828.,provide clearance clearance over shipment 3838.,list all shipments in a previous fiscal week.,,,,,,,,,,,,,,
can i check when shipment 2929 is stored?,"and did package 3939 leave, so what will it leave?",which shipments get lost on the last day of a previous january?,,,,,,,,,,,,,,
near to current spot of ngc 3030.,detail the full container loading schedule during shipment 4040.,i need this summary of details over the first half first my year.,,,,,,,,,,,,,,
received an allocation from the transit frequency of 3131.,not'til what start date and what end date via order 4141?,show running started within the easter holidays.,,,,,,,,,,,,,,
what has shipment 3232 be called last?,shall i show all transit period dates in shipment 4242?,list shipments sent began 6 following 90 days.,,,,,,,,,,,,,,
exact position of the spacecraft 3333?,i need our departure for rendezvous dates in package 4343.,provide a period of shipments through april to christmas.,,,,,,,,,,,,,,
"meet our shipment form 3434, 001.",and was the shipping coordinates for number 4444?,detail shipments out on valentine'the motorcycle.,,,,,,,,,,,,,,
so'tis their latest software update for 3535?,or the whole or entire journey of shipment 4545.,what lives were lost from the last 60 days?,,,,,,,,,,,,,,
is the source regarding shipment 3636.,follow the system through end dates with delivery 4646.,show on shipments dated all past three months.,,,,,,,,,,,,,,
where should a consignment under section 3737 now?,"when is shipment 4747 dispatched, and then would it possible to return?",check all reports sent in the thanksgiving week.,,,,,,,,,,,,,,
are readers provide a current details of shipment 3838?,detail the dispatch and travel details of train 4848.,can also provide details regarding services sent in august?,,,,,,,,,,,,,,
reckon'rs the value of a parcel 3939?,what's that shipping cost to hal 4949?,two recruits were dispatched in the best week of months?,,,,,,,,,,,,,,
i'have left at the geographical location of 4040.,they found the estimated delivery price on shipment 5050.,just need another summary with shipments from their last business quarter.,,,,,,,,,,,,,,
show me your top part of shipment 4141.,provide the coordinates to end dates on shipment 5151.,show all numbers sent by june 31st.,,,,,,,,,,,,,,
going to shipment 4242 parked at?,"when did entry 5252 start our journey, and in were they end?",list shipments dispatched on the labor service holidays.,,,,,,,,,,,,,,
changed the location to us 4343.,show peak shipping and passenger figures following shipment 5353.,provide his list of dates from and past year.,,,,,,,,,,,,,,
radio serial number for shipment 4444.,that is dispatch the expected delivery dates into package 5454.,detail were sent between july 1st with november 31st.,,,,,,,,,,,,,,
reduced the delivery frequency of shipment 4545.,what'p the case for date 5555?,those shipments were ready until the last tuesday of each month?,,,,,,,,,,,,,,
and's that package 4646 right off?,would you choose the start or end dates on shipment 5656?,show me anyone dispatched in the initial 100 kilograms.,,,,,,,,,,,,,,
update on our recent whereabouts of shipment 4747?,events delayed the departure and arrival of base order 5757.,increase new shipments following the previous holiday season.,,,,,,,,,,,,,,
actual whereabouts approximately the 4848?,whose are the shipping items in parcel 5858?,does you show shipments sent in down remaining two blocks?,,,,,,,,,,,,,,
add the address of shipment 4949 for now.,show at earliest dates to shipment 5959.,which missions were dispatched on june 1st and august 31st?,,,,,,,,,,,,,,
he'll their latest in shipment 5050's location?,provide the relevant information within package 6060.,just need copies of shipments regarding the past five month.,,,,,,,,,,,,,,
"was located on shipment 5151, france.","here comes shipment 6161 dispatched, through which is next delivery?",show all shipments purchased via the spring trade.,,,,,,,,,,,,,,
did somebody catch shipment 5252 for me?,detail will start the subsequent delivery date for shipment 6262.,construction is starting on memorial day.,,,,,,,,,,,,,,
under current location and site 5353.,where's this system code for order 6363?,provide new network of shipments from the last location we used each month.,,,,,,,,,,,,,,
if got flight 5454 reached?,does you show the envelope order in parcel 6464?,detail shipments sent beginning saturday fourth of october.,,,,,,,,,,,,,,
track and location where shipment 5555 units.,i calculate a estimated shipment condition for shipment 6565.,what shipments his dispatched would he last 120 days?,,,,,,,,,,,,,,
provide interim delivery status of shipment 5656.,what other available postage and delivery dates from package 6666?,send me shipments of the past year excluding weekends.,,,,,,,,,,,,,,
people need all update to the spirit of 5757.,show page start at exit line for shipment 6767.,checking any shipments sent within the last bank's week.,,,,,,,,,,,,,,
where remaining available model 5858 currently?,provide the departure to arrival information aboard ms 6868.,can you get logs of shipments beginning in february?,,,,,,,,,,,,,,
who call is shipment 5959?,"when did shipment 6969 go, first when made canada expected to leave?",which shipments it dispatched on the last monday of a date?,,,,,,,,,,,,,,
locate my current station at package 6060.,detail a shipping history for cl 7070.,we need a summary about those from the last financial year.,,,,,,,,,,,,,,
show off what shipment 6161 began.,these're the password for that journey and shipment 7171?,show shipments dispatched in additional christmas holidays.,,,,,,,,,,,,,,
need as current riders were 6262.,can you provide the operator to follow commands for the 7272?,the shipments resumed in the preceding 45 days.,,,,,,,,,,,,,,
where went the shipment 6363 in our moment?,pakistan wanted three shipping dates for delivery 7373.,provide this list of shipments held may 28 to october 31st.,,,,,,,,,,,,,,
could you track the latest location in 6464?,what are my dispatch or loading duties for shipment 7474?,bulk shipments sent on weekends.,,,,,,,,,,,,,,
burnt out shipment 6565 is parked.,show the dates for fall delivery period for package 7575.,where shipments were dispatched across the previous 20 days?,,,,,,,,,,,,,,
what's their history of room 6666?,and possible closing period for shipment 7676.,show sample shipments from the previous six years.,,,,,,,,,,,,,,
described below on his whereabouts of 6767.,"when was ms 7777 dispatched, then when was everything start delivered?",list all those sent until the milk lady's day.,,,,,,,,,,,,,,
notes from the shipment 6868?,table on start by finish dates on shipment 7878.,can i count shipments sent home this third quarter of this year?,,,,,,,,,,,,,,
why having shipment 6969 last been used?,what's his whole schedule about the 7979?,those agents were dispatched on black soil?,,,,,,,,,,,,,,
track connection site with package 7070.,i need the estimated amount close to month 8080.,i need details from shipments from charleston fashion week on june.,,,,,,,,,,,,,,
show weak activation of nm 7171.,provide full departure of shipping dates per shipment 8181.,show all shipments again before that tax collector.,,,,,,,,,,,,,,
got to discover where shipment 7272 went.,"at next shipment 8282 strike, and which reaches its expected end?",list shipments coming through the same body's week.,,,,,,,,,,,,,,
the shipment 7373 approached the position.,show the girl and the man given parcel 8383.,provide another list of events after that last leap year.,,,,,,,,,,,,,,
where'd their nature of 7474's location?,delays in dispatch and expected start dates after shipment 8484.,detail shipments piled on some fool's bank.,,,,,,,,,,,,,,
given their current disposition of shipment 7575.,what'is the verdict after delivery 8585?,whose shipments were dispatched for their last 75 days?,,,,,,,,,,,,,,
update... shipment 7676'fleet movements?,can we use free start and package dates for package 8686?,show all shipments from my initial 10 days.,,,,,,,,,,,,,,
where stood his 7777 right off?,i sent you specific authorization for shipment 8787.,list all shipments sent during their foster father'first visit.,,,,,,,,,,,,,,
ship status in our shipment 7878?,what are current planning and delivery rules for ms 8888?,can you recall details of shipments shipped in tomorrow?,,,,,,,,,,,,,,
number of latest grave of 7979.,from the start and expected collection date on shipment 8989.,which scouts were dispatched on her last day for the festival?,,,,,,,,,,,,,,
need copy machine in shipment 8080.,provide the same period dates include approximately 9090.,i get a summary for shipments from that last opening day.,,,,,,,,,,,,,,
dover's shipment 8181... paris airport?,"when should shipment 9191 set, and when are they work?",four being dispatched during the last additional week.,,,,,,,,,,,,,,
main station location at 8282.,detail the station record after delivery 9292.,list launches began in the remaining 180 days.,,,,,,,,,,,,,,
check out downloaded package 8383 is currently.,what's other timeline for any collision between void 9393?,provide a chronology of casualties from may 14th through may 15th.,,,,,,,,,,,,,,
correction of location after shipment 8484.,must i close your start and end dates to shipment 9494?,detail shipments made onto labor trains.,,,,,,,,,,,,,,
where sat the delivery 8585 old most?,i need that estimated calling address on parcel 9595.,what tests were done in the first 50 days?,,,,,,,,,,,,,,
searching for known whereabouts of 8686.,what were those alien act arrival dates for shipment 9696?,showing me clips from your past 110 days.,,,,,,,,,,,,,,
current membership given as 8787?,has full shipping and delivery figures for ab 9797.,a million shipments sent during 2016 memorial day weekend.,,,,,,,,,,,,,,
contains an latest date for shipment 8888.,provide at start a finish location and order 9898.,may he show shipments started in july?,,,,,,,,,,,,,,
and is the position of engine 8989.,"when did shipment 9999 leave, but what is when it would arrive?",which shipments got dispatched during august 7 and the 15th?,,,,,,,,,,,,,,
when does shipment 9090 been last month?,detail the people and the timeline before may 10000.,you need details for shipments from the last last night of last year.,,,,,,,,,,,,,,
how is shipment plate 1234 presently located?,"what'a the probable time for shipment to 1001? """,show text messages sent this week.,,,,,,,,,,,,,,
can you hand me your current situation of that shipment to new amsterdam?,would kindly confirm me the next delivery date for package 2022?,annual shipments increase in the past 24 weeks.,,,,,,,,,,,,,,
i clinched the second position of the governor just last tuesday.,or would shipment 3003 exit the warehouse?,can you provide details regarding shipments sent across between?,,,,,,,,,,,,,,
whose's the last known copy of my shipment plus the number 5678?,what for the dispatch of call dates from parcel 4004?,i need a series of shipments and your next quarter.,,,,,,,,,,,,,,
"locate shipment gate 9012 with me, yes.",an estimated shipping timeline for route 5005.,what orders were sent during march 16 and the 15th?,,,,,,,,,,,,,,
or has this shipment destined under chicago reached?,how would shipment 6006 expected to arrive by its destination?,show me shipments dispatched after dec 12.,,,,,,,,,,,,,,
could you update me in the condition of the shipment at customer abc?,show as you end and end procedures for delivery 7007.,statistics all updated from the previous day.,,,,,,,,,,,,,,
knowing both exact whereabouts of my first delivery to boston.,what are the travel and information delivery details for shipment 8008?,new shipments she sent during august last weekend?,,,,,,,,,,,,,,
i'm searching for the real - time from all the shipment and android 3456.,i dialed the dispatch and arrival details from package 9009.,provide my list of shipments going between those last 48 hours.,,,,,,,,,,,,,,
please have the proper number of one overnight shipment to seattle.,to the transit of through shipment 1010.,show shipments every two past eight days.,,,,,,,,,,,,,,
stamp on shipment id 1001 card?,or would shipment 1111 sent back at when is it due?,they'm looking for shipments beginning after the first quarter.,,,,,,,,,,,,,,
will anyone track the current location at this 2022?,provide additional working list deployment dates for order 1212.,detail shipments sent from june 1st long may 3rd.,,,,,,,,,,,,,,
gave me the first operating position along shipment 3003.,whoever's that scheme for shipment 1313's transformation?,can you list anything about here?,,,,,,,,,,,,,,
we need the prior whereabouts to parcel 4004.,when did ah 1414 start its first phase?,show has all shipments dispatched for the early six seasons.,,,,,,,,,,,,,,
"fucking shipment 5005 help me, man.",can it find the expected 6 passengers by delivery 1515?,how shipments are sent in these last fiscal year?,,,,,,,,,,,,,,
what'tis new whereabouts of our headquarters numbered 6006?,what remain the legal dates of may 1616?,provide details and shipments available international last 72 hours.,,,,,,,,,,,,,,
how badly has shipment 7007 gone on my descent?,see august start and the time dates for shipment 1717.,list shipments dispatched between december 1st january 25th.,,,,,,,,,,,,,,
were left on the current status on order 8008.,when what parcel 1818 planned to reach this destination?,show five games sent on july 4th.,,,,,,,,,,,,,,
when has my package with tracking device 9009 gotten him?,administration and dispatch and a schedule for shipment 1919.,which shipments were sent from her holiday shift last week?,,,,,,,,,,,,,,
assume your present position of shipment 1010.,updates the start through end location for shipment 2020.,i need customer summary with shipments from every 1st two weeks.,,,,,,,,,,,,,,
resulting from delivery date of shipment 1111 from me.,"when did shipment 2121 arrive, and yesterday does its take delivered?",show me shipments dispatched a one third week.,,,,,,,,,,,,,,
v'm banking on the life - time value of shipment 1212.,what'ts the delivery level of building 2222?,with all records from february.,,,,,,,,,,,,,,
probably the right time of shipment 1313.,show no shipping timeline at ns 2323.,can you provide shipments available between january 7th and october 6th?,,,,,,,,,,,,,,
what's that conjecture on the whereabouts near hotel 1414?,"what was shipment 2424 dispatched, and about lay its priority?",annual shipments occur on new year's days.,,,,,,,,,,,,,,
can you write you the quarterly update and shipment 1515?,he got the next delivery date on package 2525.,what shipments they dispatched in these past 7 days?,,,,,,,,,,,,,,
since had any shipment with id 1616 currently sent?,what are the finish and finish time in year 2626?,save me that by the past fortnight.,,,,,,,,,,,,,,
need new additional location to its consignment 1717.,would wikipedia provide the time period from shipment 2727?,with their list of recipients sent in december.,,,,,,,,,,,,,,
how late would shipment 1818 reaching its destination?,for the changes before delivery dates for § 2828.,additional shipments dispatched to the first day during each month this semester.,,,,,,,,,,,,,,
is shipment 1919 ever on track? where was progress tomorrow?,"and did shipment 2929 come, so when would it end?",the copies were sent during next summer?,,,,,,,,,,,,,,
their current output until shipment 2020.,provide me the transit coordinates of shipment 3030.,gray received details of it from last monday... friday.,,,,,,,,,,,,,,
locate the cell all around chicago with cell 2121.,provide the launch or arrival manifest of shipment 3131.,show the shipments sent during the treaty trade.,,,,,,,,,,,,,,
where's my block on 2222... now?,what'stock the flight schedule on suite 3232?,three shipments sent on public holidays last week.,,,,,,,,,,,,,,
i want more goods at my freight 2323.,"when does order 3333 sent, since when is it deployment and installation?",can you recall soldiers dispatched into the last poor quarter?,,,,,,,,,,,,,,
is where shipment 2424 is on the terminus.,detail for start and date selling dates after shipment 3434.,detail shipments sent for december 1st and december 28th.,,,,,,,,,,,,,,
find no first information of my order 2525.,i see the shipping coordinates on parcel 3535.,what reports were sent of the preceding 30 days?,,,,,,,,,,,,,,
cities'new local status and location to shipment 2626?,00 are shipping dates and shipping dates for shipment 3636?,recorded samples of shipments from last past weekend.,,,,,,,,,,,,,,
wherever did shipment 2727 last transmission go?,¹ top start of finish dates for region 3737.,these boat shipments dispatched between march 20th to october 20th.,,,,,,,,,,,,,,
promise me one precise location of delivery 2828.,more detailed timeline regarding shipment 3838.,list all shipments from that previous base model.,,,,,,,,,,,,,,
will you guess wherever shipment 2929 is currently?,"when did the 3939 arrive, and when will ours leave?",which boxes were sent with the last shipment from the previous month?,,,,,,,,,,,,,,
changes the current spot to fm 3030.,detail in shipment or delivery schedule of shipment 4040.,i typed a summary with notes from all first half of this period.,,,,,,,,,,,,,,
need an office on at current location on 3131.,can'm your start date of effective end date for order 4141?,guests are dispatched during the winter holidays.,,,,,,,,,,,,,,
where having shipment 3232 been taken exactly?,can they mark out transit service dates for shipment 4242?,all shipments sent along the to 90 days.,,,,,,,,,,,,,,
the position of railway vehicle 3333?,i check the departure and start dates after delivery 4343.,provide data list all shipments from august to june.,,,,,,,,,,,,,,
"today the shipment numbered 3434, 500.",why is our shipping dates for sc 4444?,bus shipments everywhere on children's day.,,,,,,,,,,,,,,
what's a whole idea going for 3535?,show into timeline a previous journey for shipment 4545.,if services were dispatched after the last 60 days?,,,,,,,,,,,,,,
opened the plant with shipment 3636.,mark the point and end point for flight 4646.,show me shipments around them past five months.,,,,,,,,,,,,,,
when is its interchange with route 3737 now?,"when was shipment 4747 here, and how is she out to come?",list from news sent between the thanksgiving week.,,,,,,,,,,,,,,
could you provide my proper location to shipment 3838?,detail the repairs and maintenance function for flight 4848.,must she provide details of shipments reported in august?,,,,,,,,,,,,,,
where's its location under our code 3939?,what'tis a travel schedule for transport 4949?,those shipments were dispatched over the third week around september?,,,,,,,,,,,,,,
now've looking into the current position of 4040.,i want this estimated delivery rate in shipment 5050.,they need her summary of shipments from my last spring quarter.,,,,,,,,,,,,,,
show of the second bag of shipment 4141.,provided basic start and termination point for shipment 5151.,half the shipments wrapped before march 31st.,,,,,,,,,,,,,,
where could shipment 4242 not staying?,"when did sol 5252 start its journey, mine cease before mine end?",list frequently dispatched during the labor issue protests.,,,,,,,,,,,,,,
provide the data under district 4343.,refer danish shipping and merchant records for shipment 5353.,for a list all events from the past year.,,,,,,,,,,,,,,
need for clearance from shipment 4444.,submit the plans and prepare opening dates for package 5454.,detail shipments started between july 1st and the 8th.,,,,,,,,,,,,,,
track her shipping location to shipment 4545.,jones'on the agenda for delivery 5555?,what shipments being sent during those last day of each month?,,,,,,,,,,,,,,
why'm my spare 4646 right now?,can facebook provide delivery date plus end dates for shipment 5656?,return all targets dispatched in the past 100 days.,,,,,,,,,,,,,,
update in potential current timing of shipment 4747?,they need that departure and arrival schedule by shift 5757.,list all shipments from his 2007 championship season.,,,,,,,,,,,,,,
same name of prisoner 4848?,these are all shipping dates for issue 5858?,do this show shipments sent in from last 15 months?,,,,,,,,,,,,,,
find your office of shipment 4949 for help.,show same production dates and shipment 5959.,large shipments are dispatched between november 1 and june 31st?,,,,,,,,,,,,,,
what'd the more on shipment 5050'secret history?,provided no transitional period for package 6060.,i need report of developments in this past five days.,,,,,,,,,,,,,,
"citation identified from shipment 5151, please.","the was shipment 6161 returned, meaning when followed my delivery?",show new shipments ready during winter spring break.,,,,,,,,,,,,,,
can we locate shipment 5252 without sure?,detail the start via end first position for shipment 6262.,all made beginning on memorial day.,,,,,,,,,,,,,,
the initial location in parcel 5353.,what'old their delivery schedule by train 6363?,provide a variety of tips from the retailer business night in each month.,,,,,,,,,,,,,,
what has model 5454 hidden?,can we save the message line for parcel 6464?,detail of sent during early fourth of july.,,,,,,,,,,,,,,
track for amount of shipment 5555 tons.,i announced the expected closing date during shipment 6565.,had shipments they dispatched in those last 120 days?,,,,,,,,,,,,,,
provide minimum transaction number of shipment 5656.,what if the potential phone delivery dates for bill 6666?,get me shipments from the other week or weekends.,,,,,,,,,,,,,,
this need an update beyond our location on 5757.,were the final point finish times for shipment 6767.,list key programs sent during the regular weekend's week.,,,,,,,,,,,,,,
where goes the year 5858 hours?,discuss the descent and arrival timeline with boeing 6868.,did someone verify details of shipments sent in february?,,,,,,,,,,,,,,
cherry bomb inside shipment 5959?,"so is shipment 6969 leave, or when in it expected you arrive?",no ones are dispatched on the 3rd monday of this year?,,,,,,,,,,,,,,
with the hard spot call package 6060.,on the shipping schedule aboard boeing 7070.,i need a measure of earnings in his last financial quarter.,,,,,,,,,,,,,,
ask him where shipment 6161 started.,it's that mean of one journey of shipment 7171?,also runs dispatched after the christmas week.,,,,,,,,,,,,,,
need to current distances were 6262.,to i provide the start and finish communication from package 7272?,list is increased in this last 45 days.,,,,,,,,,,,,,,
where are our shipment 6363 any lunch minute?,will need those release dates for delivery 7373.,and a list of shipments dated feb 1st to june 31st.,,,,,,,,,,,,,,
can he see the traffic location of 6464?,what are possible dispatch and clearance rates after shipment 7474?,most shipments arrived on halloween.,,,,,,,,,,,,,,
from them shipment 6565 is set.,show pre start and expected testing procedures for android 7575.,have shipments were dispatched in the recent 20 year?,,,,,,,,,,,,,,
what're my location after package 6666?,provide active navigation equipment for shipment 7676.,show historical information from the past couple weeks.,,,,,,,,,,,,,,
he adds on the whereabouts from 6767.,"when was his 7777 dispatched, then where will he be back?",list all goods sold during the holy mother's reign.,,,,,,,,,,,,,,
do time for shipment 6868?,detail runs start through end places for shipment 7878.,will you show he sent in the third quarter of next morning?,,,,,,,,,,,,,,
when has shipment 6969 last train dropped?,what'd the flight schedule to ms 7979?,so shipments were dispatched during black days?,,,,,,,,,,,,,,
he is progress towards package 7070.,i need the maximum burial date using car 8080.,i saw images of everything from the last week to june.,,,,,,,,,,,,,,
after the return of flight 7171.,the complete list of arrival dates for shipment 8181.,for all shipments sent before the central commission.,,,,,,,,,,,,,,
yet to be since shipment 7272 is.,"when did shipment 8282 die, and there came its eighth day?",20 shipments dispatched through 2014 new year's program.,,,,,,,,,,,,,,
see shipment 7373 for these purposes.,also the origin and arrival dates with parcel 8383.,provide information list all shipments in the next leap year.,,,,,,,,,,,,,,
where's this status of 7474'a loss?,activity including dispatch and mail arrival dates from shipment 8484.,detail paper sent around april fool'wives day.,,,,,,,,,,,,,,
take the likely spot if shipment 7575.,what'makes a timeline behind delivery 8585?,what shipments were dispatched for the final 75 miles?,,,,,,,,,,,,,,
based on shipment 7676'd cargo?,do you identify the start or end protocol for package 8686?,show me away for the before 10 days.,,,,,,,,,,,,,,
how is the 7777 safe now?,it discovered the missing files for shipment 8787.,list other things sent before his last father's day.,,,,,,,,,,,,,,
official position at cargo shipment 7878?,what is final departure and delivery conditions until order 8888?,can online provide updates about shipments sent in march?,,,,,,,,,,,,,,
locate with exact date of 7979.,show specific buyer a expected export dates for shipment 8989.,which shipments are dispatched on that last day continuing the semester?,,,,,,,,,,,,,,
shall be balance of shipment 8080.,provide the period period required from package 9090.,you need her summary on shipments from the last time quarter.,,,,,,,,,,,,,,
where'bout shipment 8181 of her school?,"but was shipment 9191 removed, and then will construction resume?",multiple shipments dispatched around the last market week.,,,,,,,,,,,,,,
show the version from 8282.,includes the shipping order for ns 9292.,list files sent in per second 180 days.,,,,,,,,,,,,,,
perhaps where my brother 8383 is found.,where's a justification for the deaths in order 9393?,provide full picture of incidents from may 1st to january 15th.,,,,,,,,,,,,,,
sought a location for shipment 8484.,could this show begin date but end dates for shipment 9494?,new shipments sent up each day.,,,,,,,,,,,,,,
who is this year 8585 at now?,i need no estimated shipping time as parcel 9595.,what troops were dispatched after the last 50 min?,,,,,,,,,,,,,,
numbers list current record of 8686.,or are these dispatch order arrival rules for shipment 9696?,get me shipments in the past 110 million.,,,,,,,,,,,,,,
by morse code of 8787?,show up shipping and maintenance information for delivered 9797.,list the shipments sent by the following day weekend.,,,,,,,,,,,,,,
locate my latest device and shipment 8888.,provide additional start and finish line on daytona 9898.,would you make shipments to in july?,,,,,,,,,,,,,,
show us the card in package 8989.,"before did shipment 9999 leave, and what is now time to terminate?",search teams normally dispatched between february 15th and september 15th?,,,,,,,,,,,,,,
based on shipment 9090 had last located?,detail the dispatch of repair process for bus 10000.,i provided details of shipments from my highest working week in the year.,,,,,,,,,,,,,,
where had shipment silver 1234 currently concerned?,"you're its start date in shipment id 1001? """,have all shipments sent here weekend.,,,,,,,,,,,,,,
did somebody tell me the exact location on my shipment to northern york?,would you buzz me about next delivery date for package 2022?,list shipments in within recent past 24 hours.,,,,,,,,,,,,,,
i need your current position but the package is right tuesday.,and should shipment 3003 leave their warehouse?,can you provide connections to shipments ready in january?,,,,,,,,,,,,,,
what'd the last known clue and last shipment under document number 5678?,what do their dispatch mail arrival records for parcel 4004?,i need the summary of shipments for those first city.,,,,,,,,,,,,,,
"send shipment form 9012 on me, please.",see the chronological timeline for usd 5005.,not shipments were sent until march 21st and march 16th?,,,,,,,,,,,,,,
whom had the shipment ready for chicago reached?,since is shipment 6006 scheduled for travel towards its destination?,love me had released on april 10th.,,,,,,,,,,,,,,
can you tell me regarding the location of our shipment into shipping services?,text me the start... end dates on sector 7007.,list all editions from previous same month.,,,,,,,,,,,,,,
find the present whereabouts of my express journey during london.,why were the travel and drug delivery agreements for shipment 8008?,which shipments were made during these last years?,,,,,,,,,,,,,,
i'd looking for some one - time status of this shipment with id 3456.,systems need these registration and termination dates for package 9009.,provide their list of shipments built on our last 48 hours.,,,,,,,,,,,,,,
please provide the location in indicating another additional shipment to seattle.,detail for shipping period with shipment 1010.,this is from the next three days.,,,,,,,,,,,,,,
what is shipment x 1001 right?,when the shipment 1111 sent out and not is king again?,in'm ready for shipments today in the second batch.,,,,,,,,,,,,,,
can anyone determine the next location of earth 2022?,provide three real time delivery dates for boeing 1212.,detail reports sent online may 1st to may 4th.,,,,,,,,,,,,,,
sell me the last large prints on shipment 3003.,what's her timeline since shipment 1313'07 arrival?,will you compare shipments received yesterday?,,,,,,,,,,,,,,
i need another current form of project 4004.,when had ben 1414 start his delivery process?,show me where you dispatched about the last five months.,,,,,,,,,,,,,,
"last shipment 5005 please me, john.",did you find the expected legal term for october 1515?,what shipments were present in his last two year?,,,,,,,,,,,,,,
an'has the population of our village numbered 6006?,or are their shipping ships with consignment 1616?,provide details about shipments from your plant 72 hours.,,,,,,,,,,,,,,
how late would shipment 7007 reached to their route?,show out expected and expected release dates including shipment 1717.,date of dispatched are june 1st and today.,,,,,,,,,,,,,,
further details regarding the location status of building 8008.,so is parcel 1818 starting to reach its target?,show all but closed before june 4th.,,,,,,,,,,,,,,
where has my package or tracking tech 9009 gotten these?,detail the dispatch but arrival procedures on shipment 1919.,heavy shipments i left during the off season last year?,,,,,,,,,,,,,,
evidence for likely position of shipment 1010.,replacing the previous two end dates for shipment 2020.,i recognize a couple of shipments from the first two seasons.,,,,,,,,,,,,,,
track by current route of shipment 1111 on me.,"how did shipment 2121 shipped, but when may we be delivered?",showed me shipments recorded for the past week.,,,,,,,,,,,,,,
police've looking for a known - life location of shipment 1212.,what's the test method to boeing 2222?,list all shipments with nigeria.,,,,,,,,,,,,,,
provide full postal code of shipment 1313.,for this shipping timeline at order 2323.,can they provide news sent between september 15th that october 16th?,,,,,,,,,,,,,,
which's the part about the whereabouts of in 1414?,"when was shipment 2424 due, so when until our arrival?",detail shipments sent in new guy's holiday.,,,,,,,,,,,,,,
could you find us the location update or shipment 1515?,i need the current strike date at february 2525.,did shipments were dispatched in their last 7 month?,,,,,,,,,,,,,,
why is every shipment with id 1616 declared safe?,what do the dates − finish dates for dr 2626?,show me out by the next fortnight.,,,,,,,,,,,,,,
nearly every current balance of us consignment 1717.,can i calculate the shipping directions of shipment 2727?,provide a list for orders delivered in december.,,,,,,,,,,,,,,
how along are shipment 1818 to our destination?,detail the range of delivery dates of order 2828.,list shipments dispatched on the first level for each week this end.,,,,,,,,,,,,,,
is shipment 1919 still on sale? how goes king now?,"when was shipment 2929 start, and when would we close?",a thing i sent during the summer?,,,,,,,,,,,,,,
show our manufacture and shipment 2020.,map me the transit facility to shipment 3030.,i need notices of shipments scheduled last wednesday to monday.,,,,,,,,,,,,,,
follows the fugitive close to chicago destination id 2121.,timing the departure on arrival time until shipment 3131.,nearly all shipments sent over the winter term.,,,,,,,,,,,,,,
where'n the message from 2222 just now?,that's her delivery schedule within package 3232?,list shipments sent on single order at year.,,,,,,,,,,,,,,
road reached the location of trans freight 2323.,"when will order 3333 done, like when did it again for delivery?",do you imagine people dispatched in average last fiscal quarter?,,,,,,,,,,,,,,
look where shipment 2424 is at front right.,detail from start from ended release dates for shipment 3434.,all shipments sent through october 1st and february 28th.,,,,,,,,,,,,,,
with first latest position of sequence order 2525.,karen read the shipping dates inside parcel 3535.,what shipments have sent during its last 30 days?,,,,,,,,,,,,,,
now'is your status by location of shipment 2626?,what are insurance caps and strike dates on shipment 3636?,provide details regarding event across the past weekend.,,,,,,,,,,,,,,
what will shipment 2727 actually check in?,note the start or closing dates for car 3737.,weekend me shipments were between february 20th ± april 20th.,,,,,,,,,,,,,,
lend them the current location and delivery 2828.,provide necessary security to shipment 3838.,ignoring all shipments from this previous counting week.,,,,,,,,,,,,,,
do you check where shipment 2929 fits now?,"when did sr 3939 last, and on will it stop?",which shipments were sent off that last day on the first month?,,,,,,,,,,,,,,
get the other spot on package 3030.,developing the management and processing systems for shipment 4040.,they need a summary that shipments in the first years of last year.,,,,,,,,,,,,,,
need station office for metro transit location of 3131.,what's this minimum time with expected end point for order 4141?,show songs occur during separate easter holidays.,,,,,,,,,,,,,,
where got shipment 3232 started until last?,would you show its transit period beginning after shipment 4242?,list rankings were in during last 90 days.,,,,,,,,,,,,,,
took responsibility over our package 3333?,i hit the departure system return dates for hangar 4343.,field historical survey of shipments from april to june.,,,,,,,,,,,,,,
"locate second shipment against 3434, 001.",what have our calendar dates after consignment 4444?,detail shipments fell over valentine's anniversary.,,,,,,,,,,,,,,
50'is the latest performance update of 3535?,indicates the condition for successful transfer of shipment 4545.,four shipments had dispatched in the original 60 days?,,,,,,,,,,,,,,
first possible source of shipment 3636.,provide the protection until end ports following delivery 4646.,show in all in the past three months.,,,,,,,,,,,,,,
what is the bible in id 3737 pages?,"that being shipment 4747 dispatched, but when is it they should arrive?",9 email messages sent during the thanksgiving week.,,,,,,,,,,,,,,
can they confirm the actual location on shipment 3838?,detail the planned branch delivery timeline from branch 4848.,can you provide details about them arriving in august?,,,,,,,,,,,,,,
why's your situation within our parcel 3939?,what't this shipping date in package 4949?,and shipments were dispatched with those first hours of september?,,,,,,,,,,,,,,
i'm tracing down the location code of 4040.,so use your estimated delivery rate for shipment 5050.,i need a lot of progress from the previous business call.,,,,,,,,,,,,,,
give me those new location of shipment 4141.,provide alternate start and ending sequence until shipment 5151.,numbers for shipments sent before march end.,,,,,,,,,,,,,,
connection with shipment 4242 arriving at?,"once did comet 5252 end your journey, and when will it stop?",seven shipments dispatched during final labor union weekend.,,,,,,,,,,,,,,
confirm the implementation under package 4343.,show any delivery and arrival details in shipment 5353.,provide a schedule of shipments through the past season.,,,,,,,,,,,,,,
japanese location information on shipment 4444.,detail the dispatch or bulk transfer order for package 5454.,nominations are sent between september 1st and july 31st.,,,,,,,,,,,,,,
location and exact location of shipment 4545.,what's their timeline around number 5555?,what shipments are sent on the second friday off each june?,,,,,,,,,,,,,,
where's that package 4646 still here?,can you offer any launch and end information for shipment 5656?,take me shipments dispatched in hours given 100 days.,,,,,,,,,,,,,,
see on the american location as shipment 4747?,i called the contact and arrival control and order 5757.,list all shipments from its fall holiday weekend.,,,,,,,,,,,,,,
british owners of car 4848?,there are other shipping restrictions for parcel 5858?,can this show shipments sent in between next fourteen months?,,,,,,,,,,,,,,
find the remains of shipment 4949 and safety.,check out transit dates of shipment 5959.,two shipments were dispatched until september 1st and sept 31st?,,,,,,,,,,,,,,
how'e the meaning of shipment 5050's location?,provide the shipping support following shipment 6060.,i found photos of everything from the final five days.,,,,,,,,,,,,,,
"latest update for shipment 5151, november.","see also shipment 6161 made, and when brought his delivery?",receives all shipments daily on the spring break.,,,,,,,,,,,,,,
did you charge shipment 5252 through me?,detail on destination and total delivery dates in shipment 6262.,list shipments except on overseas duty.,,,,,,,,,,,,,,
california reference state of parcel 5353.,what'about the final record of order 6363?,provide detailed summary of shipments from the last 12 month of every month.,,,,,,,,,,,,,,
they have me 5454 reached?,will he show the next timeline for a 6464?,detail operations sent through the fourth of august.,,,,,,,,,,,,,,
track the items before shipment 5555 shipments.,argus checked my correct arrival date for shipment 6565.,what shipments were dispatched on those last 120 weeks?,,,,,,,,,,,,,,
provide some current data on shipment 5656.,and are their dispatch of delivery dates with package 6666?,bring me stats from the coming week excluding weekends.,,,,,,,,,,,,,,
we got an insight on the contents of 5757.,show the entrances and exit points from shipment 6767.,list included shipments bought during the special valentine's vacation.,,,,,,,,,,,,,,
still works the boeing 5858 currently?,and the departure check transfer instructions for delivery 6868.,would you a list of shipments sent in february?,,,,,,,,,,,,,,
what message is shipment 5959?,"and did shipment 6969 vanish, why now is it expected to heal?",any shipments were shipped on the first monday between this trip?,,,,,,,,,,,,,,
near the current spot at highway 6060.,detail over shipping costs for flight 7070.,we need all summary of shipments and the first financial quarter.,,,,,,,,,,,,,,
wondering just which shipment 6161 is.,and'd the timeline after the entry on shipment 7171?,initial shipments dispatched from the fifth week.,,,,,,,,,,,,,,
need at current capacity is 6262.,can them submit the information to end dates for project 7272?,list be sent for the remaining 45 days.,,,,,,,,,,,,,,
where were my shipment 6363 at west point?,i need the shipping information in plane 7373.,updated the record of shipments from october 1st via october 31st.,,,,,,,,,,,,,,
can you track its current coordinates at 6464?,where is your dispatch and delivery dates for shipment 7474?,detail being sent during halloween.,,,,,,,,,,,,,,
tell you shipment 6565 occurs now.,schedule or start certain late delivery dates for package 7575.,what people were dispatched during the past 20 days?,,,,,,,,,,,,,,
what's my tape on package 6666?,on the shipping instructions on shipment 7676.,show me shipments this late prior six weeks.,,,,,,,,,,,,,,
update is on the phone at 6767.,"when does parcel 7777 ready, then when will she be available?",list 3 shipments filed in the last mother'ing day.,,,,,,,,,,,,,,
come from where shipment 6868?,identify the start of end places for shipment 7878.,can you have students sent into the 1st quarter of this year?,,,,,,,,,,,,,,
he has shipment 6969 that was seen?,what'been the fleet schedule currently boeing 7979?,those shipments had dispatched on good friday?,,,,,,,,,,,,,,
replaces the service on package 7070.,it set the promised delivery date for flight 8080.,i made millions of shipments over the last week in june.,,,,,,,,,,,,,,
along the intersection of sr 7171.,provide quotes follow from start dates for shipment 8181.,sign off shipments exactly before the tax day.,,,,,,,,,,,,,,
need no tell when shipment 7272 is.,"when did shipment 8282 die, so when on our own end?",list this peaked during that whole year's week.,,,,,,,,,,,,,,
a shipment 7373 found a position.,show this shipping and travel dates as route 8383.,provide a window into shipments from the last nineteenth century.,,,,,,,,,,,,,,
where'd the mystery in 7474's location?,cargo transport dispatch and other arrival information for shipment 8484.,detail shipments occurred during april fools's day.,,,,,,,,,,,,,,
then most precise spot of shipment 7575.,where's the point in delivery 8585?,those shipments were issued in the last 75 months?,,,,,,,,,,,,,,
what for shipment 7676's performance?,can i provide the start vs ends dates for example 8686?,show me highlights from the next 10 episodes.,,,,,,,,,,,,,,
where is your 7777 unit number?,i was the entire company after shipment 8787.,from those shipments sent during the last year's era.,,,,,,,,,,,,,,
a position to the shipment 7878?,are are the departure and delivery time aboard flight 8888?,can yours provide details toward shipments sent this march?,,,,,,,,,,,,,,
locate its exact position was 7979.,and the start of finish shipment dates for shipment 8989.,the shipments were dispatched on the last days de his year?,,,,,,,,,,,,,,
need that key to shipment 8080.,lists the current return dates for package 9090.,urgently need a summary of shipments from the preceding two day.,,,,,,,,,,,,,,
what's shipment 8181 as a station?,"when began shipment 9191 dispatched, now then could it depart?",the shipments dispatched across the national halloween week.,,,,,,,,,,,,,,
backing up version of 8282.,detail to shipping database for hr 9292.,list shipments sent in over other 180 weeks.,,,,,,,,,,,,,,
implemented as source package 8383 is currently.,what's the matter regarding the challenge to emperor 9393?,provide complete list of activities from fall 1st to july 15th.,,,,,,,,,,,,,,
update of tab on shipment 8484.,did you determine the start two closing markers for shipment 9494?,all shipments made on labor days.,,,,,,,,,,,,,,
where is the bmw 8585 already present?,does need our correct delivery date for the 9595.,what shipments were going in these next 50 days?,,,,,,,,,,,,,,
probably the current bridge around 8686.,whoever been those dispatch and arrival dates representing shipment 9696?,drop me shipments for the upcoming 110 days.,,,,,,,,,,,,,,
current code is name 8787?,show best completion and delivery times with package 9797.,list various shipments sent during the 100 day service.,,,,,,,,,,,,,,
locate their latest database concerning shipment 8888.,dedicated permanent start cum finish platform for order 9898.,should it show shipments sent since july?,,,,,,,,,,,,,,
show away the key in package 8989.,"if shall shipment 9999 leave, and whether is that set to arrive?",further shipments if dispatched both february 15th and september 15th?,,,,,,,,,,,,,,
where has shipment 9090 gone each week?,detail the number upon delivery details for hr 10000.,i need more of shipments from their last 72 hours of that year.,,,,,,,,,,,,,,
where is shipment before 1234 possibly stamped?,"the's the entry code against shipment id 1001? """,all the shipments from last week.,,,,,,,,,,,,,,
can somebody tell me the current report about my shipment in mercer york?,can you guarantee me an expected release date for june 2022?,four shipments dispatched before the current 24 hours.,,,,,,,,,,,,,,
just need your current position of the package back in tuesday.,so was shipment 3003 leave the service?,can andrew put details in shipments sent in january?,,,,,,,,,,,,,,
here's the last known location regarding its shipment if custody number 5678?,why are local dispatch delivery waiting dates for parcel 4004?,i noticed a change of stats over the first quarter.,,,,,,,,,,,,,,
"plastic shipment id 9012 in me, too.",giving the shipping details as order 5005.,what cases were handled between march 16 and the 15th?,,,,,,,,,,,,,,
then has the shipment come toward chicago reached?,how is shipment 6006 going to arrive as her destination?,show me order dispatched due april 17.,,,,,,,,,,,,,,
can i update to our correct location of our shipment for customer abc?,hand me the start and check dates from home 7007.,list all shipments from any french release.,,,,,,,,,,,,,,
find the current whereabouts of his recent trip departed boston.,what did the relevant and expected advance orders for shipment 8008?,which shipments get sent during what local weekend?,,,,,,,,,,,,,,
my'm checking for the real - time agent with this shipment with id 3456.,users need the shipping card arrival address under package 9009.,provide this list of shipments dispatched in its remaining 48 flights.,,,,,,,,,,,,,,
also provide your location status upon all overnight shipment to seattle.,detail with transit number over shipment 1010.,expected shipments from the current 20 days.,,,,,,,,,,,,,,
where did shipment of 1001 keys?,when was shipment 1111 going in and where had it due?,just'im looking for shipments sent in the black van.,,,,,,,,,,,,,,
can he determine the delivery date of package 2022?,equipped the departure platform landing support for order 1212.,detail is sent from july 23rd to may 31st.,,,,,,,,,,,,,,
show over a last yellow letter of shipment 3003.,what'd this timeline for shipment 1313're release?,also they list shipments sent out?,,,,,,,,,,,,,,
i need the current information in agent 4004.,when does package 1414 leave its delivery run?,not we how shipments handled in the last six months.,,,,,,,,,,,,,,
"all shipment 5005 having convenience, please.",want you find the expected exact dates for february 1515?,what shipments they brought in for last fiscal year?,,,,,,,,,,,,,,
what's average speed of fbi delivery truck 6006?,how were the approximate dates per consignment 1616?,full verification of operations from the last 72 hours.,,,,,,,,,,,,,,
as high have shipment 7007 reached on its journey?,use some fleet with expected finish dates for shipment 1717.,list shipments are in june 1st by today.,,,,,,,,,,,,,,
still based on the road map of order 8008.,who should parcel 1818 supposed to reach its conclusion?,show all recordings of before july second.,,,,,,,,,,,,,,
when has your package with the number 9009 gotten here?,wrote the dispatch on arrival rates for shipment 1919.,which shipments those sent during the holiday week after april?,,,,,,,,,,,,,,
reach the current box at shipment 1010.,provide exact arriving and departure dates for shipment 2020.,i scan the summary on news from the last two weeks.,,,,,,,,,,,,,,
also the delivery list of shipment 1111 receive information.,"how did shipment 2121 arrive, and why will it continue gone?",show me shipments going through late past week.,,,,,,,,,,,,,,
i'le heading for the lunch - time rendezvous with shipment 1212.,what't their daily schedule following package 2222?,list international shipments from iraq.,,,,,,,,,,,,,,
minus our current copy of shipment 1313.,show no shipping register for number 2323.,can i count shipments sent between december 4th and october 15th?,,,,,,,,,,,,,,
what'contains my report on the discovery of package 1414?,"when was shipment 2424 arrived, also when received their arrival?",our shipments sent every new years's eve.,,,,,,,,,,,,,,
so you text him the location update on shipment 1515?,i need their estimated delivery price at february 2525.,any shipments were dispatched in the prior 7 year?,,,,,,,,,,,,,,
where is another shipment or id 1616 not hidden?,what were the begins or finish dates for ngc 2626?,show further shipments from the prior decade.,,,,,,,,,,,,,,
provides the best location with one consignment 1717.,can you secure a holding facility for shipment 2727?,provide a bibliography of candidates sent during december.,,,,,,,,,,,,,,
who close is shipment 1818 and this destination?,detail communication dispatch letter delivery dates from rfc 2828.,list shipments dispatched on the current day of arrival month to season.,,,,,,,,,,,,,,
is shipment 1919 still in tape? where would john now?,"when if shipment 2929 end, but then will it end?",which shipments are shipped at the summer?,,,,,,,,,,,,,,
a high capacity of shipment 2020.,show me the entire history of shipment 3030.,i need details of events from this call to tuesday.,,,,,,,,,,,,,,
locate to package code by chicago or id 2121.,note no departure or arrival timeline in shipment 3131.,like an email sent during the winter season.,,,,,,,,,,,,,,
what's the junction with 2222 right off?,d'was the shipping relation in package 3232?,list is held in public holidays this year.,,,,,,,,,,,,,,
someone want the location of prison cell 2323.,"he was that 3333 sent, or when with it due in delivery?",can you show shipments even during their last first quarter?,,,,,,,,,,,,,,
or where shipment 2424 lies passing the moment.,detail the details any expected shipping dates of shipment 3434.,detail personnel sent between december 9 and february 28th.,,,,,,,,,,,,,,
definitely my latest version of my order 2525.,i need new listing dates for room 3535.,what shipments were done in these last 30 moments?,,,,,,,,,,,,,,
what'r the status regarding reaction to shipment 2626?,but next then dispatch and arrival dates on shipment 3636?,provide lists of shipments for the last weekend.,,,,,,,,,,,,,,
there on shipment 2727 first check in?,to list beginning and end dates for delivery 3737.,show me shipments start early march 24th and may 20th.,,,,,,,,,,,,,,
give me the card name of sector 2828.,provide crude oil in shipment 3838.,list all shipments from the prior three months.,,,,,,,,,,,,,,
would i check where shipment 2929 exists currently?,"when did pa 3939 come, as when will it stop?",which shipments if sent before the seventh day of the previous season?,,,,,,,,,,,,,,
track of current station of nc 3030.,compare the supply and transport schedule to shipment 4040.,will welcome your summary of awards from the first half of their year.,,,,,,,,,,,,,,
the only update by the exact location of 3131.,what'll the halfway point and expected end date with project 4141?,show shipments dispatched through the christmas holiday.,,,,,,,,,,,,,,
where being shipment 3232 not located since?,can history show initial transit data dates before shipment 4242?,list if sent during the next 90 days.,,,,,,,,,,,,,,
used versions of computer package 3333?,ford wrote the use and delivery instructions for package 4343.,provide a list with updates on april to june.,,,,,,,,,,,,,,
"locate in shipment route 3434, actually.",how are average shipping prices from consignment 4444?,detail shipments are on jared's right.,,,,,,,,,,,,,,
what's his first google update to 3535?,or their timeline since the release of shipment 4545.,no shipments were shipped during the last 60 days?,,,,,,,,,,,,,,
regarding their whereabouts concerning shipment 3636.,be the start service end point for flight 4646.,show me shipments in the first four months.,,,,,,,,,,,,,,
where should a name of id 3737 now?,"it was shipment 4747 killed, or when is it due to go?",list missing information sent during its thanksgiving week.,,,,,,,,,,,,,,
can they establish one approximate location of shipment 3838?,detail on dispatch or response timeline for branch 4848.,can i confirm dates of shipments sent in august?,,,,,,,,,,,,,,
where's another location of his op 3939?,what's the storage facility aboard mac 4949?,which shipments get shipped in its first days of september?,,,,,,,,,,,,,,
because'm listening for the current call at 4040.,well know this estimated shipping date for shipment 5050.,i need a report our shipments from the last field trip.,,,,,,,,,,,,,,
give me the last feed from shipment 4141.,provide initial landing and conclusion dates on shipment 5151.,show all tickets through before march end.,,,,,,,,,,,,,,
where had shipment 4242 next heading?,"when did ah 5252 make your journey, and when will i stop?",additional shipments scheduled for the labor day weekend.,,,,,,,,,,,,,,
has additional location of la 4343.,show passengers fuel and passenger information for shipment 5353.,provide a list about times within the past year.,,,,,,,,,,,,,,
cell location coverage against shipment 4444.,for the calculations for expected departure dates for package 5454.,detail shipments began between february 1st till july 31st.,,,,,,,,,,,,,,
assessing the possible location for shipment 4545.,what's your procedure for patient 5555?,what does get sent on sale last night of each month?,,,,,,,,,,,,,,
where'd my package 4646 km away?,can we provide additional start from end time for shipment 5656?,include me shipments dispatched throughout the ensuing 100 days.,,,,,,,,,,,,,,
update another one current location concerning shipment 4747?,i need the departure and arrivals code on ah 5757.,list the events from the 2008 holiday season.,,,,,,,,,,,,,,
unknown whereabouts to ak 4848?,where are their shipping records for parcel 5858?,can it show shipments sent by in last two days?,,,,,,,,,,,,,,
find this place of shipment 4949 for delivery.,show your respective dates with shipment 5959.,or had they dispatched between november 1st and december 3rd?,,,,,,,,,,,,,,
what'his her latest on shipment 5050'us delivery?,provide the clock period from mx 6060.,i need details for developments from the preceding few days.,,,,,,,,,,,,,,
"2 located on shipment 5151, ca.","then comes shipment 6161 announced, and how is mine delivery?",lancashire daily mail sent during the spring break.,,,,,,,,,,,,,,
can anyone do shipment 5252 including me?,details on start in expected shipping dates for shipment 6262.,3 shipments sent to memorial flight.,,,,,,,,,,,,,,
show all service from parcel 5353.,what'es the access schedule from asteroid 6363?,provide a schedule with dates upon each last business day of each month.,,,,,,,,,,,,,,
what has issue 5454 ended?,does anyone see different shipping timeline for parcel 6464?,detail shipments sent on la fourth following march.,,,,,,,,,,,,,,
the calculated location of shipment 5555 items.,it checked more estimated arrival date through shipment 6565.,what missions were dispatched in just two 120 days?,,,,,,,,,,,,,,
obtaining her current position in shipment 5656.,what are your date and delivery dates before ms 6666?,show data shipments within the past semester excluding weekends.,,,,,,,,,,,,,,
you get an update on the date after 5757.,show additional record by conclusion dates for shipment 6767.,list any shipments sent during the last of'90 cruise.,,,,,,,,,,,,,,
what is up a 5858 currently?,provide the start and entry timeline with flight 6868.,can someone provide details of shipments sent through there?,,,,,,,,,,,,,,
your report after shipment 5959?,"when did shipment 6969 complete, and then would winter expected to end?",all shipments arrived dispatched on the third monday of this calendar?,,,,,,,,,,,,,,
locate the precise spot above marker 6060.,detailed the boarding schedule for flight 7070.,i need your summary of shipments from one local financial area.,,,,,,,,,,,,,,
show first what shipment 6161 landed.,what'been the gossip surrounding his journey to shipment 7171?,session weekends continue during the christmas week.,,,,,,,,,,,,,,
but the current forms are 6262.,will you verify the start or release dates using package 7272?,most shipments were in the preceding 45 days.,,,,,,,,,,,,,,
where began that shipment 6363 at which point?,i took out shipping agent for delivery 7373.,provide updated list of shipments from march 1st via december 31st.,,,,,,,,,,,,,,
can you make the current version until 6464?,what are total hours for shipments dates for shipment 7474?,all shipments sent on tour.,,,,,,,,,,,,,,
now this shipment 6565 goes now.,compare the dates to expected delivery dates for usd 7575.,who shipments were dispatched in its last 20 cycles?,,,,,,,,,,,,,,
don'ks the purpose of package 6666?,construct the container facilities for shipment 7676.,show me shipments from our past 32 times.,,,,,,,,,,,,,,
update me at the address at 6767.,"when did his 7777 arriving, and where might it be delivered?",but all shipments sent during the holidays mother'd stay.,,,,,,,,,,,,,,
original delivery where shipment 6868?,detail indicates start for finish in the shipment 7878.,and you estimate shipments sent in the final quarter of a year?,,,,,,,,,,,,,,
how remains shipment 6969 last being seen?,why'll the shipping schedule per boeing 7979?,which bus he carried on black friday?,,,,,,,,,,,,,,
track the shuttle past mission 7070.,i wrote our estimated delivery contract for flight 8080.,friends need details with shipments from the last days in june.,,,,,,,,,,,,,,
remember the way that delivery 7171.,this additional departure from arrival dates by shipment 8181.,show all shipments reported on the tax board.,,,,,,,,,,,,,,
need another recall where shipment 7272 stayed.,"when will shipment 8282 come, and when began its eastward transit?",all shipments dispatched until any new director's week.,,,,,,,,,,,,,,
locate shipment 7373 as primary publication.,show air launch and delivery dates at boeing 8383.,a full list of shipments from any 2017 leap year.,,,,,,,,,,,,,,
a'in the matter of 7474's population?,detail the route and freight transfer dates within shipment 8484.,detail were sent on april 7's eve.,,,,,,,,,,,,,,
find their meeting spot along shipment 7575.,today's other timeline for resolution 8585?,what shipments were making within the last 75 yards?,,,,,,,,,,,,,,
what on shipment 7676'current status?,include you provide unique start and end codes for server 8686?,show me down from the top 10 cycles.,,,,,,,,,,,,,,
... is package 7777 door again?,i have the financial records in shipment 8787.,list any shipments deposited into yours last father's day.,,,,,,,,,,,,,,
current years before the shipment 7878?,who are my departure year launch dates for order 8888?,did you provide notice of shipments sent into march?,,,,,,,,,,,,,,
reached the present position on 7979.,project approval start and expected delivery as in shipment 8989.,which shipments he dispatched from the last month of the season?,,,,,,,,,,,,,,
also a removal of shipment 8080.,provide sample transit period dates on flight 9090.,will need total number of shipments from the spring opening quarter.,,,,,,,,,,,,,,
j'es shipment 8181 to the center?,"when arrives shipment 9191 today, or then will you arrive?",regular shipments dispatched by the last two week.,,,,,,,,,,,,,,
sitting room location population 8282.,detail the deployment schedule to submarine 9292.,list summary sent from the last 180 clicks.,,,,,,,,,,,,,,
find where bus company 8383 works currently.,me'm a timeline in the journey of flight 9393?,provide a catalog of shipments used june 9th to may 15th.,,,,,,,,,,,,,,
compiled from schedule of shipment 8484.,would you show old commencement and termination dates at shipment 9494?,detail runs south to labor day.,,,,,,,,,,,,,,
where was the delivery 8585 for present?,still need our original delivery date in parcel 9595.,what shipments lay available in the top 50 days?,,,,,,,,,,,,,,
given the current layout in 8686.,maybe changed the dispatch line call dates for shipment 9696?,show current shipments from my first 110 days.,,,,,,,,,,,,,,
current estimates of c 8787?,contains simple shipping or delivery instructions for package 9797.,list all shipments sent before columbus memorial holiday weekend.,,,,,,,,,,,,,,
replace the software update in shipment 8888.,all true start to finish dates under order 9898.,do they show information sent in july?,,,,,,,,,,,,,,
show me that place on package 8989.,"there did shipment 9999 end, and where did it expected to continue?",which votes were counted between august 17th and september 17th?,,,,,,,,,,,,,,
and has shipment 9090 left last wednesday?,commentary on delivered request delivery timeline for package 10000.,i need credit on shipments by the next market week of the year.,,,,,,,,,,,,,,
